Variable name,Unit,Description (EN),Size,Type,Default value,Minimum value,Maximum value,as_dict Type
Ksfill,-,"Imposed Slot Fill factor (if None, will be computed according to the winding and the slot)",,float,None,0,1
winding,,Lamination's Winding,,Winding,,,
magnet,,Lamination's Magnet,,Magnet,,,
type_list,,List indicating if the lamination is winding 'W' mag 'M' or empty 'E',,ndarray,,,
mur_lin_matrix,-,"Matrix to enforce a different relative magnetic permeability for each magnet layer (shape: [Nrad, Ntan, Zs])",,ndarray,None,,,
Brm20_matrix,-,"Matrix to enforce a different magnet remanence induction at 20degC for each magnet layer (shape: [Nrad, Ntan, Zs])",,ndarray,None,,,
,
Package,Inherit,Methods,Constant Name,Constant Value,Class description
Machine,LamSlotMulti,plot,VERSION,1,Lamination with list of Slot filled with winding
,,build_geometry,,,
,,get_pole_pair_number,,,
,,comp_mmf_dir,,,
,,plot_mmf_unit,,,
,,comp_mmf_unit,,,
,,comp_wind_function,,,
,,comp_angle_d_axis,,,
,,get_dim_active,,,
